hover_trim,lateral_kp,lateral_kd,same_fdm_object,sim_clock_reset,safe,termination_reason,lateral_activated,activation_forward_ft,activation_forward_speed_fps,activation_cross_ft,endpoint_hover_5s,persistent_stop_at_final,persistent_lateral_at_final,persistent_hover_at_final,current_stop_hold_s,current_lateral_hold_s,current_full_hover_hold_s,max_stop_hold_s,max_lateral_hold_s,max_full_hover_hold_s,presentation_cross_pass,presentation_altitude_pass,teacher_pass,final_forward_ft,final_position_error_ft,final_forward_speed_fps,final_cross_ft,final_lateral_speed_fps,final_alt_ft,final_vs_fps,final_heading_error_deg,max_cross_ft,min_alt_ft,max_alt_ft,max_abs_pitch_deg,max_abs_roll_deg,max_abs_heading_error_deg,action2_min,action2_max
-0.059816740100913215,0.015,0.1,True,False,True,endpoint_hover_5s,True,235.48909359440952,3.9965743539861105,-2.3924147615045035,True,True,True,True,5.025000000000007,62.40000000000094,5.025000000000007,5.025000000000007,62.40000000000094,5.025000000000007,True,True,True,301.7026408199525,-1.702640819952478,0.45923424308445604,-3.2923352353389825,-0.1908358933965621,299.3463289736146,0.012023807374635662,0.0971447772260902,4.161967335332553,298.6477209252348,304.98935536554745,0.8180604085855905,2.9139295183801037,0.199944553167027,-0.23000000417232513,0.008427274413406849
-0.059816740100913215,0.015,0.18,True,False,True,endpoint_hover_5s,True,235.48909359440952,3.9965743539861105,-2.3924147615045035,True,True,True,True,5.025000000000007,62.40000000000094,5.025000000000007,5.025000000000007,62.40000000000094,5.025000000000007,True,True,True,301.7141315009852,-1.7141315009852178,0.4607434149917008,-3.1345931821160415,-0.15118382257983376,299.34820992214463,0.012072561978653711,0.10358535308415996,4.161967335332553,298.6477209252348,304.98935536554745,0.8180604085855905,2.9139295183801037,0.19895672396218916,-0.23000000417232513,0.014232157729566097
-0.059816740100913215,0.015,0.26,True,False,True,endpoint_hover_5s,True,235.48909359440952,3.9965743539861105,-2.3924147615045035,True,True,True,True,5.025000000000007,62.40000000000094,5.025000000000007,5.025000000000007,62.40000000000094,5.025000000000007,True,True,True,301.72090237603146,-1.7209023760314608,0.46166311687149064,-2.990542162460296,-0.12354049616408873,299.3498315650686,0.012103403717086594,0.10795719897718667,4.161967335332553,298.6477209252348,304.98935536554745,0.8180604085855905,2.9139295183801037,0.19781981014164168,-0.23000000417232513,0.017004314810037613
-0.059816740100913215,0.025,0.1,True,False,True,endpoint_hover_5s,True,235.48909359440952,3.9965743539861105,-2.3924147615045035,True,True,True,True,5.025000000000007,62.40000000000094,5.025000000000007,5.025000000000007,62.40000000000094,5.025000000000007,True,True,True,301.70174753562287,-1.7017475356228715,0.4610120247776529,-2.6648317377539166,-0.1739406239954353,299.34583976379827,0.012231996270330992,0.09930096275644595,4.161967335332553,298.6477209252348,304.98935536554745,0.8180604085855905,2.9139295183801037,0.2089425226848013,-0.23000000417232513,0.023901566863059998
-0.059816740100913215,0.025,0.18,True,False,True,endpoint_hover_5s,True,235.48909359440952,3.9965743539861105,-2.3924147615045035,True,True,True,True,5.025000000000007,62.40000000000094,5.025000000000007,5.025000000000007,62.40000000000094,5.025000000000007,True,True,True,301.71513259200174,-1.715132592001737,0.4621244483219069,-2.453773112158093,-0.13022412747393586,299.34839218791285,0.012245270527467945,0.10627899528291927,4.161967335332553,298.6477209252348,304.98935536554745,0.8180604085855905,2.9139295183801037,0.20700089281407189,-0.23000000417232513,0.024757910519838333
-0.059816740100913215,0.025,0.26,True,False,True,endpoint_hover_5s,True,235.48909359440952,3.9965743539861105,-2.3924147615045035,True,True,True,True,5.025000000000007,62.47500000000094,5.025000000000007,5.025000000000007,62.47500000000094,5.025000000000007,True,True,True,301.7565095190409,-1.7565095190408897,0.46076544548070897,-2.3042173378518154,-0.10237065577503533,299.3513707426414,0.012274446596182443,0.11062349379545335,4.161967335332553,298.6477209252348,304.98935536554745,0.8180604085855905,2.9139295183801037,0.20502888461464153,-0.23000000417232513,0.024239901453256607
-0.059816740100913215,0.035,0.1,True,False,True,endpoint_hover_5s,True,235.48909359440952,3.9965743539861105,-2.3924147615045035,True,True,True,True,5.025000000000007,62.40000000000094,5.025000000000007,5.025000000000007,62.40000000000094,5.025000000000007,True,True,True,301.70395286964276,-1.7039528696427624,0.4633476652103233,-2.534748232507128,-0.14798419288403003,299.34531570903164,0.012622226355859465,0.10358431390259755,4.161967335332553,298.6477209252348,304.98935536554745,0.8180604085855905,2.9139295183801037,0.21732541805151637,-0.23000000417232513,0.043392859399318695
-0.059816740100913215,0.035,0.18,True,False,True,endpoint_hover_5s,True,235.48909359440952,3.9965743539861105,-2.3924147615045035,True,True,True,True,5.025000000000007,62.47500000000094,5.025000000000007,5.025000000000007,62.47500000000094,5.025000000000007,True,True,True,301.75199291819547,-1.7519929181954694,0.4615617985173104,-2.193599861314756,-0.10773984779099176,299.34929137423705,0.012583433707807644,0.10972533396836834,4.161967335332553,298.6477209252348,304.98935536554745,0.8180604085855905,2.9139295183801037,0.21448378591529418,-0.23000000417232513,0.04111528769135475
-0.059816740100913215,0.035,0.26,True,False,True,endpoint_hover_5s,True,235.48909359440952,3.9965743539861105,-2.3924147615045035,True,True,True,True,5.025000000000007,62.47500000000094,5.025000000000007,5.025000000000007,62.47500000000094,5.025000000000007,True,True,True,301.75780768561657,-1.7578076856165694,0.46154384274550264,-1.9615105047429504,-0.08481108761963288,299.3516306429483,0.012492503375627463,0.11310803900623882,4.161967335332553,298.6477209252348,304.98935536554745,0.8180604085855905,2.9139295183801037,0.21171124960072998,-0.23000000417232513,0.0478227324783802
-0.059816740100913215,0.045,0.1,True,False,True,endpoint_hover_5s,True,235.48909359440952,3.9965743539861105,-2.3924147615045035,True,True,True,True,5.025000000000007,62.47500000000094,5.025000000000007,5.025000000000007,62.47500000000094,5.025000000000007,True,True,True,301.74791325881756,-1.7479132588175617,0.4639951664885432,-2.5363417303608795,-0.09426366366836307,299.34699583027214,0.01321865802063218,0.11253909839232376,4.161967335332553,298.6477209252348,304.98935536554745,0.8180604085855905,2.9252705388736007,0.22510117029931823,-0.23000000417232513,0.063568115234375
-0.059816740100913215,0.045,0.18,True,False,True,endpoint_hover_5s,True,235.48909359440952,3.9965743539861105,-2.3924147615045035,True,True,True,True,5.025000000000007,62.47500000000094,5.025000000000007,5.025000000000007,62.47500000000094,5.025000000000007,True,True,True,301.7571627467282,-1.757162746728227,0.4627573901073915,-2.067552296132306,-0.07218824689733315,299.3500871164497,0.013005285242020617,0.11542369885288488,4.161967335332553,298.6477209252348,304.98935536554745,0.8180604085855905,2.9145033184484763,0.22141265278731942,-0.23000000417232513,0.06511642783880234
-0.059816740100913215,0.045,0.26,True,False,True,endpoint_hover_5s,True,235.48909359440952,3.9965743539861105,-2.3924147615045035,True,True,True,True,5.025000000000007,62.47500000000094,5.025000000000007,5.025000000000007,62.47500000000094,5.025000000000007,True,True,True,301.76037553075497,-1.7603755307549704,0.46214646142721283,-1.7733103904531813,-0.061757440625421205,299.3523210258927,0.012777054860565223,0.11665019883846031,4.161967335332553,298.6477209252348,304.98935536554745,0.8180604085855905,2.9139295183801037,0.21787418227871055,-0.23000000417232513,0.07171478122472763
-0.029816740100913213,0.015,0.1,True,False,True,endpoint_hover_5s,True,235.48909359440952,3.9965743539861105,-2.3924147615045035,True,True,True,True,5.025000000000007,62.40000000000094,5.025000000000007,5.025000000000007,62.40000000000094,5.025000000000007,True,True,True,301.69936903085784,-1.699369030857838,0.45963252245300346,-1.175493566058716,-0.17638411013709468,299.34774200078164,0.011735493080704281,0.09701197720377959,4.161967335332553,298.6477209252348,304.98935536554745,0.8180604085855905,2.9139295183801037,0.2114612282689571,-0.23000000417232513,0.015644535422325134
-0.029816740100913213,0.015,0.18,True,False,True,endpoint_hover_5s,True,235.48909359440952,3.9965743539861105,-2.3924147615045035,True,True,True,True,5.025000000000007,62.47500000000094,5.025000000000007,5.025000000000007,62.47500000000094,5.025000000000007,True,True,True,301.74649696004894,-1.746496960048944,0.4595600855507488,-1.302812229602301,-0.13204304857242163,299.3507384145287,0.011916847478757923,0.10453447417478415,4.161967335332553,298.6477209252348,304.98935536554745,0.8180604085855905,2.9139295183801037,0.20935145546939005,-0.23000000417232513,0.022556809708476067
-0.029816740100913213,0.015,0.26,True,False,True,endpoint_hover_5s,True,235.48909359440952,3.9965743539861105,-2.3924147615045035,True,True,True,True,5.025000000000007,62.47500000000094,5.025000000000007,5.025000000000007,62.47500000000094,5.025000000000007,True,True,True,301.75341549387207,-1.753415493872069,0.4605623770641972,-1.3602171309096664,-0.10187154678227178,299.35255902261497,0.012011055534110013,0.1095237170996547,4.161967335332553,298.6477209252348,304.98935536554745,0.8180604085855905,2.9139295183801037,0.20721765654971538,-0.23000000417232513,0.029432523995637894
-0.029816740100913213,0.025,0.1,True,False,True,endpoint_hover_5s,True,235.48909359440952,3.9965743539861105,-2.3924147615045035,True,True,True,True,5.025000000000007,62.40000000000094,5.025000000000007,5.025000000000007,62.40000000000094,5.025000000000007,True,True,True,301.6921408219928,-1.6921408219927798,0.4607215930342671,-1.2912704587325778,-0.18647969500207487,299.3453909341215,0.01210793678088802,0.09555662008641555,4.161967335332553,298.6477209252348,304.98935536554745,0.8180604085855905,2.9139295183801037,0.2200867959295045,-0.23000000417232513,0.03985846787691116
-0.029816740100913213,0.025,0.18,True,False,True,endpoint_hover_5s,True,235.48909359440952,3.9965743539861105,-2.3924147615045035,True,True,True,True,5.025000000000007,62.40000000000094,5.025000000000007,5.025000000000007,62.40000000000094,5.025000000000007,True,True,True,301.70946618830874,-1.7094661883087383,0.46221261627341664,-1.179216837188657,-0.13225864101306464,299.3484363040611,0.012139134657736202,0.10442441701405658,4.161967335332553,298.6477209252348,304.98935536554745,0.8180604085855905,2.9139295183801037,0.21705904037068993,-0.23000000417232513,0.04658883064985275
-0.029816740100913213,0.025,0.26,True,False,True,endpoint_hover_5s,True,235.48909359440952,3.9965743539861105,-2.3924147615045035,True,True,True,True,5.025000000000007,62.47500000000094,5.025000000000007,5.025000000000007,62.47500000000094,5.025000000000007,True,True,True,301.75252007306415,-1.7525200730641473,0.461039608762193,-1.1125131528461363,-0.09806766663345023,299.3518461782128,0.012190971045436733,0.10989605550120257,4.161967335332553,298.6477209252348,304.98935536554745,0.8180604085855905,2.9139295183801037,0.21410570876158344,-0.23000000417232513,0.05333847180008888
-0.029816740100913213,0.035,0.1,True,False,True,endpoint_hover_5s,True,235.48909359440952,3.9965743539861105,-2.3924147615045035,True,True,True,True,5.025000000000007,62.40000000000094,5.025000000000007,5.025000000000007,62.40000000000094,5.025000000000007,True,True,True,301.69342962238596,-1.6934296223859633,0.4633122137687059,-1.6388341481399757,-0.16585495634286743,299.344231294936,0.012613882973738659,0.09957798131218477,4.161967335332553,298.6477209252348,304.98935536554745,0.8180604085855905,2.922414694827685,0.22809928746736202,-0.23000000417232513,0.06405337899923325
-0.029816740100913213,0.035,0.18,True,False,True,endpoint_hover_5s,True,235.48909359440952,3.9965743539861105,-2.3924147615045035,True,True,True,True,5.025000000000007,62.47500000000094,5.025000000000007,5.025000000000007,62.47500000000094,5.025000000000007,True,True,True,301.74589641626784,-1.7458964162678399,0.46165422149582835,-1.3003879669282412,-0.11617724031666475,299.348627055982,0.01255799626603988,0.10730451455382019,4.161967335332553,298.6477209252348,304.98935536554745,0.8180604085855905,2.9139295183801037,0.2241918379328996,-0.23000000417232513,0.07061967998743057
-0.029816740100913213,0.035,0.26,True,False,True,endpoint_hover_5s,True,235.48909359440952,3.9965743539861105,-2.3924147615045035,True,True,True,True,5.025000000000007,62.47500000000094,5.025000000000007,5.025000000000007,62.47500000000094,5.025000000000007,True,True,True,301.7537149255866,-1.7537149255866211,0.4616943127888345,-1.0818058609860177,-0.08733872889685018,299.35140651528263,0.012460081957895835,0.111662768694521,4.161967335332553,298.6477209252348,304.98935536554745,0.8180604085855905,2.9139295183801037,0.22046918537726434,-0.23000000417232513,0.07725532352924347
-0.029816740100913213,0.045,0.1,True,False,True,endpoint_hover_5s,True,235.48909359440952,3.9965743539861105,-2.3924147615045035,True,True,True,True,5.025000000000007,62.47500000000094,5.025000000000007,5.025000000000007,62.47500000000094,5.025000000000007,True,True,True,301.73973325384213,-1.7397332538421324,0.4645151413859521,-1.933075315365936,-0.10672778924900575,299.3458703679148,0.013266848087593541,0.10985121461013005,4.161967335332553,298.6477209252348,304.98935536554745,0.8180604085855905,2.938421335998517,0.2355065642217508,-0.23000000417232513,0.08822907507419586
-0.029816740100913213,0.045,0.18,True,False,True,endpoint_hover_5s,True,235.48909359440952,3.9965743539861105,-2.3924147615045035,True,True,True,True,5.025000000000007,62.47500000000094,5.025000000000007,5.025000000000007,62.47500000000094,5.025000000000007,True,True,True,301.7524012367295,-1.7524012367294972,0.46307160299385997,-1.4198669679999936,-0.0789692561238215,299.3492653219305,0.013038365692885084,0.1135981308538426,4.161967335332553,298.6477209252348,304.98935536554745,0.8180604085855905,2.9254661723061846,0.2307707662649867,-0.23000000417232513,0.0946478396654129
-0.029816740100913213,0.045,0.26,True,False,True,endpoint_hover_5s,True,235.48909359440952,3.9965743539861105,-2.3924147615045035,True,True,True,True,5.025000000000007,62.47500000000094,5.025000000000007,5.025000000000007,62.47500000000094,5.025000000000007,True,True,True,301.75704357887497,-1.7570435788749705,0.4623386033118456,-1.1049834536932124,-0.06506728278262876,299.35185225249506,0.012790637191534376,0.11534702829588467,4.161967335332553,298.6477209252348,304.98935536554745,0.8180604085855905,2.9151593232469697,0.22631547036189625,-0.23000000417232513,0.10118167847394943
0.00018325989908678578,0.015,0.1,True,False,True,endpoint_hover_5s,True,235.48909359440952,3.9965743539861105,-2.3924147615045035,True,True,True,True,5.025000000000007,62.47500000000094,5.025000000000007,5.025000000000007,62.47500000000094,5.025000000000007,True,True,True,301.72860443838016,-1.7286044383801595,0.4582903080277364,0.9368036441946542,-0.16128955594091124,299.35047321296406,0.011435263035190466,0.09697602343854643,4.161967335332553,298.6477209252348,304.98935536554745,0.8180604085855905,2.9139295183801037,0.22298882592600178,-0.23000000417232513,0.045347943902015686
0.00018325989908678578,0.015,0.18,True,False,True,endpoint_hover_5s,True,235.48909359440952,3.9965743539861105,-2.3924147615045035,True,True,True,True,5.025000000000007,62.47500000000094,5.025000000000007,5.025000000000007,62.47500000000094,5.025000000000007,True,True,True,301.7423092355013,-1.7423092355012955,0.4604588078873304,0.5467962730312278,-0.11193512334238122,299.3527505288175,0.011703943987437479,0.10558820629619928,4.161967335332553,298.6477209252348,304.98935536554745,0.8180604085855905,2.9139295183801037,0.2197806426918926,-0.23000000417232513,0.05213494971394539
0.00018325989908678578,0.015,0.26,True,False,True,endpoint_hover_5s,True,235.48909359440952,3.9965743539861105,-2.3924147615045035,True,True,True,True,5.025000000000007,62.47500000000094,5.025000000000007,5.025000000000007,62.47500000000094,5.025000000000007,True,True,True,301.7491963097152,-1.7491963097152166,0.4614415799888574,0.28439319688538583,-0.0794180542157571,299.3547247618326,0.011880016141629125,0.11116573202251606,4.161967335332553,298.6477209252348,304.98935536554745,0.8180604085855905,2.9139295183801037,0.2166213889991747,-0.23000000417232513,0.05890805274248123
0.00018325989908678578,0.025,0.1,True,False,True,endpoint_hover_5s,True,235.48909359440952,3.9965743539861105,-2.3924147615045035,True,True,True,True,5.025000000000007,62.40000000000094,5.025000000000007,5.025000000000007,62.40000000000094,5.025000000000007,True,True,True,301.6819518289371,-1.6819518289370876,0.4604668316419534,0.0823668537153891,-0.19869401320532615,299.34499730708103,0.01197786027294481,0.09185522281839018,4.161967335332553,298.6477209252348,304.98935536554745,0.8180604085855905,2.9176298724337113,0.23124034687236555,-0.23000000417232513,0.069539874792099
0.00018325989908678578,0.025,0.18,True,False,True,endpoint_hover_5s,True,235.48909359440952,3.9965743539861105,-2.3924147615045035,True,True,True,True,5.025000000000007,62.47500000000094,5.025000000000007,5.025000000000007,62.47500000000094,5.025000000000007,True,True,True,301.73798203419375,-1.7379820341937489,0.46039386616663985,0.08567130584744129,-0.13414522546182497,299.34942432189973,0.012060606036407667,0.10260265272567305,4.161967335332553,298.6477209252348,304.98935536554745,0.8180604085855905,2.9139295183801037,0.22713615884502722,-0.23000000417232513,0.07618454843759537
0.00018325989908678578,0.025,0.26,True,False,True,endpoint_hover_5s,True,235.48909359440952,3.9965743539861105,-2.3924147615045035,True,True,True,True,5.025000000000007,62.47500000000094,5.025000000000007,5.025000000000007,62.47500000000094,5.025000000000007,True,True,True,301.74807889604284,-1.7480788960428413,0.46133939003087965,0.07988304881298655,-0.0937097176211433,299.3523748348034,0.01209908680105826,0.10917505067640186,4.161967335332553,298.6477209252348,304.98935536554745,0.8180604085855905,2.9139295183801037,0.22318736396684402,-0.23000000417232513,0.08284375071525574
0.00018325989908678578,0.035,0.1,True,False,True,endpoint_hover_5s,True,235.48909359440952,3.9965743539861105,-2.3924147615045035,True,True,True,True,5.025000000000007,62.40000000000094,5.025000000000007,5.025000000000007,62.40000000000094,5.025000000000007,True,True,True,301.68254030873686,-1.6825403087368613,0.46329610549181943,-0.7401469791686054,-0.1830704884376975,299.34324383116336,0.012614046924528192,0.09565569037798145,4.161967335332553,298.6477209252348,304.98935536554745,0.8180604085855905,2.934380309246095,0.23888070453625407,-0.23000000417232513,0.09371981769800186
0.00018325989908678578,0.035,0.18,True,False,True,endpoint_hover_5s,True,235.48909359440952,3.9965743539861105,-2.3924147615045035,True,True,True,True,5.025000000000007,62.47500000000094,5.025000000000007,5.025000000000007,62.47500000000094,5.025000000000007,True,True,True,301.73950432680454,-1.7395043268045356,0.46174970625302314,-0.40662514759516005,-0.1244683847963414,299.3479899582976,0.012534060412482773,0.10490181704221814,4.161967335332553,298.6477209252348,304.98935536554745,0.8180604085855905,2.9222462306153743,0.23391904443223288,-0.23000000417232513,0.10022943466901779
0.00018325989908678578,0.035,0.26,True,False,True,endpoint_hover_5s,True,235.48909359440952,3.9965743539861105,-2.3924147615045035,True,True,True,True,5.025000000000007,62.47500000000094,5.025000000000007,5.025000000000007,62.47500000000094,5.025000000000007,True,True,True,301.74944576945734,-1.7494457694573384,0.4618510438856548,-0.20200866087443248,-0.08984711082889509,299.3511885702892,0.012426030808270653,0.11021992197686961,4.161967335332553,298.6477209252348,304.98935536554745,0.8180604085855905,2.9139295183801037,0.22923084740550867,-0.23000000417232513,0.10679364204406738
0.00018325989908678578,0.045,0.1,True,False,True,endpoint_hover_5s,True,235.48909359440952,3.9965743539861105,-2.3924147615045035,True,True,True,True,5.025000000000007,62.47500000000094,5.025000000000007,5.025000000000007,62.47500000000094,5.025000000000007,True,True,True,301.73109866339803,-1.7310986633980292,0.4650065373091956,-1.3249692267430102,-0.11875303925712247,299.34487465756456,0.01331610814031936,0.10721810842639186,4.161967335332553,298.6477209252348,304.98935536554745,0.8180604085855905,2.951459246830184,0.2459178547942201,-0.23000000417232513,0.11788776516914368
0.00018325989908678578,0.045,0.18,True,False,True,endpoint_hover_5s,True,235.48909359440952,3.9965743539861105,-2.3924147615045035,True,True,True,True,5.025000000000007,62.47500000000094,5.025000000000007,5.025000000000007,62.47500000000094,5.025000000000007,True,True,True,301.747351901685,-1.7473519016850219,0.4633914048365491,-0.7709043901801648,-0.08564643519476184,299.3484874157293,0.013070972309177477,0.11178430410204296,4.161967335332553,298.6477209252348,304.98935536554745,0.8180604085855905,2.936350142061458,0.24013725497630836,-0.23000000417232513,0.12426751106977463
0.00018325989908678578,0.045,0.26,True,False,True,endpoint_hover_5s,True,235.48909359440952,3.9965743539861105,-2.3924147615045035,True,True,True,True,5.025000000000007,62.47500000000094,5.025000000000007,5.025000000000007,62.47500000000094,5.025000000000007,True,True,True,301.75356944860084,-1.7535694486008424,0.46253588423610476,-0.4364095432205728,-0.06835752493388014,299.3513923302103,0.012803922812228748,0.1140457131082038,4.161967335332553,298.6477209252348,304.98935536554745,0.8180604085855905,2.9243995624248718,0.23475942708406777,-0.23000000417232513,0.13074776530265808
